logtime,loss,accuracy
20210503-064935,0.027630947530269623,0.9914000034332275
